{"epoch": 0, "weights": [[[-0.1648207774353696, 0.11948718348727033, 0.013792430216783308, -0.030538496865189592, 0.16452476942851002, 0.10821701461820488], [-0.07122291363162409, -0.13162648527567714, -0.04503465395150317, 0.017514113382518338, -0.14862353131882697, -0.06943986659119658], [0.09041250162568433, 0.004883819268736255, -0.20634410736453526, 0.015432800055411562, 0.012398208489525313, 0.022386958786626894], [-0.0228550559755724, 0.05876672115891646, -0.18839146974367818, 0.12000424648416458, 0.04882356756404504, -0.054836262570166376]], [[0.04449324258545552, 0.07070059077948612, 0.05570202304603466, -0.07473482733526121], [-0.08363740468100186, 0.008955013201568008, -0.04079369764573494, 0.12950978782250389], [-0.04078464927388803, -0.22894506399694176, 0.18716997062649182, -0.05167905224364931], [0.14677915597871316, 0.034407354231168544, 0.04622685198754097, 0.012919911118576355], [0.027235596776547223, 0.06017045105655604, -0.114259456385083, 0.14506310408368508], [0.05326036178160405, -0.04366418715881208, -0.07184712639199846, -0.043283002667764366]], [[-0.1369157977460192, 0.13578128417507085], [0.13111313740505437, -0.07413281737780741], [-0.13183835142872086, -0.10316932642186855], [-0.15606827687269653, 0.02392133569832131]]], "error": 0.000489291818022644}